特征名称,重要性
f98,401.0
f131,396.0
f91,388.0
f0,387.0
f155,384.0
f26,373.0
f109,373.0
f120,372.0
f101,371.0
f113,368.0
f10,367.0
f5,365.0
f89,365.0
f125,365.0
f92,362.0
f127,362.0
f81,359.0
f107,359.0
f100,358.0
f24,356.0
f108,355.0
f75,354.0
f87,354.0
f129,352.0
f132,351.0
f16,349.0
f17,349.0
f22,349.0
f7,347.0
f28,347.0
f61,347.0
f104,347.0
f135,346.0
f6,345.0
f71,345.0
f140,345.0
f27,344.0
f9,343.0
f122,343.0
f124,340.0
f18,338.0
f67,336.0
f99,336.0
f130,336.0
f138,336.0
f111,335.0
f116,335.0
f128,333.0
f79,332.0
f161,332.0
f86,331.0
f103,331.0
f30,330.0
f153,330.0
f63,329.0
f126,329.0
f34,328.0
f35,328.0
f118,328.0
f21,326.0
f25,326.0
f33,326.0
f3,325.0
f4,325.0
f102,324.0
f133,324.0
f51,323.0
f145,323.0
f23,322.0
f29,322.0
f65,322.0
f85,322.0
f95,322.0
f97,322.0
f94,320.0
f114,319.0
f105,317.0
f123,317.0
f137,316.0
f44,313.0
f88,313.0
f106,313.0
f11,312.0
f68,312.0
f80,312.0
f175,312.0
f110,311.0
f8,309.0
f90,309.0
f134,307.0
f15,306.0
f74,306.0
f77,306.0
f52,304.0
f165,304.0
f19,303.0
f112,303.0
f141,303.0
f72,302.0
f115,302.0
f154,302.0
f172,302.0
f32,301.0
f69,300.0
f20,298.0
f152,298.0
f143,296.0
f45,295.0
f49,295.0
f136,295.0
f2,293.0
f93,292.0
f47,291.0
f53,291.0
f151,291.0
f70,288.0
f78,288.0
f159,288.0
f147,287.0
f76,286.0
f96,285.0
f31,284.0
f150,283.0
f160,283.0
f157,282.0
f41,281.0
f50,281.0
f64,281.0
f179,281.0
f121,280.0
f174,280.0
f1,279.0
f62,279.0
f60,278.0
f148,278.0
f37,277.0
f197,275.0
f66,273.0
f156,273.0
f59,272.0
f84,270.0
f139,269.0
f226,269.0
f54,266.0
f142,266.0
f146,266.0
f119,265.0
f173,265.0
f36,264.0
f12,263.0
f43,262.0
f144,262.0
f149,261.0
f166,261.0
f42,260.0
f57,260.0
f73,260.0
f162,260.0
f171,260.0
f169,258.0
f192,257.0
f40,256.0
f117,256.0
f273,256.0
f39,254.0
f58,254.0
f182,254.0
f164,249.0
f176,249.0
f170,248.0
f186,248.0
f193,247.0
f48,246.0
f13,242.0
f38,242.0
f158,241.0
f198,241.0
f82,240.0
f83,239.0
f167,239.0
f181,235.0
f547,230.0
f232,229.0
f177,228.0
f180,228.0
f46,227.0
f168,226.0
f187,226.0
f163,222.0
f184,222.0
f221,222.0
f189,221.0
f196,221.0
f201,220.0
f190,218.0
f183,217.0
f185,217.0
f199,217.0
f14,216.0
f521,216.0
f598,216.0
f879,216.0
f178,215.0
f234,213.0
f613,213.0
f880,213.0
f438,212.0
f188,211.0
f272,210.0
f212,207.0
f252,207.0
f213,205.0
f224,204.0
f56,202.0
f191,201.0
f945,201.0
f1051,201.0
f246,200.0
f567,200.0
f995,200.0
f1029,200.0
f533,199.0
f1000,199.0
f241,198.0
f293,198.0
f55,197.0
f200,197.0
f292,197.0
f661,197.0
f618,196.0
f666,196.0
f757,196.0
f275,195.0
f636,195.0
f513,194.0
f220,193.0
f373,193.0
f300,192.0
f500,192.0
f626,192.0
f202,191.0
f718,191.0
f878,191.0
f1031,191.0
f209,189.0
f239,189.0
f580,189.0
f698,189.0
f406,188.0
f499,188.0
f558,187.0
f638,187.0
f671,187.0
f206,186.0
f217,186.0
f307,186.0
f564,186.0
f215,185.0
f278,185.0
f298,185.0
f338,185.0
f527,185.0
f740,185.0
f203,184.0
f587,184.0
f727,184.0
f749,184.0
f1035,184.0
f218,183.0
f458,183.0
f519,183.0
f906,183.0
f204,182.0
f313,182.0
f333,182.0
f415,182.0
f423,182.0
f444,182.0
f512,182.0
f526,182.0
f552,182.0
f738,182.0
f208,181.0
f214,181.0
f581,181.0
f919,181.0
f1118,181.0
f195,180.0
f210,180.0
f238,180.0
f326,180.0
f578,180.0
f623,180.0
f1085,180.0
f194,179.0
f266,179.0
f327,179.0
f481,179.0
f672,179.0
f692,179.0
f786,179.0
f806,179.0
f1138,179.0
f229,178.0
f361,178.0
f402,178.0
f766,178.0
f774,178.0
f826,178.0
f840,178.0
f1014,178.0
f1187,178.0
f332,177.0
f489,177.0
f535,177.0
f599,177.0
f641,177.0
f886,177.0
f1011,177.0
f1298,177.0
f507,176.0
f629,176.0
f668,176.0
f780,176.0
f908,176.0
f980,176.0
f981,176.0
f1012,176.0
f244,175.0
f258,175.0
f321,175.0
f453,175.0
f471,175.0
f586,175.0
f621,175.0
f656,175.0
f719,175.0
f746,175.0
f926,175.0
f1318,175.0
f328,174.0
f426,174.0
f427,174.0
f584,174.0
f659,174.0
f753,174.0
f760,174.0
f251,173.0
f287,173.0
f505,173.0
f767,173.0
f907,173.0
f935,173.0
f1030,173.0
f1200,173.0
f405,172.0
f610,172.0
f633,172.0
f938,172.0
f225,171.0
f233,171.0
f253,171.0
f284,171.0
f289,171.0
f401,171.0
f478,171.0
f532,171.0
f609,171.0
f635,171.0
f1126,171.0
f237,170.0
f242,170.0
f285,170.0
f398,170.0
f435,170.0
f546,170.0
f632,170.0
f634,170.0
f639,170.0
f713,170.0
f1015,170.0
f267,169.0
f335,169.0
f443,169.0
f459,169.0
f469,169.0
f579,169.0
f606,169.0
f630,169.0
f646,169.0
f921,169.0
f994,169.0
f254,168.0
f359,168.0
f378,168.0
f418,168.0
f451,168.0
f503,168.0
f553,168.0
f675,168.0
f847,168.0
f892,168.0
f898,168.0
f925,168.0
f240,167.0
f270,167.0
f312,167.0
f479,167.0
f493,167.0
f515,167.0
f709,167.0
f741,167.0
f755,167.0
f772,167.0
f872,167.0
f947,167.0
f473,166.0
f522,166.0
f541,166.0
f693,166.0
f809,166.0
f832,166.0
f207,165.0
f243,165.0
f248,165.0
f306,165.0
f315,165.0
f341,165.0
f366,165.0
f391,165.0
f686,165.0
f752,165.0
f818,165.0
f944,165.0
f965,165.0
f991,165.0
f1020,165.0
f205,164.0
f260,164.0
f433,164.0
f487,164.0
f538,164.0
f576,164.0
f655,164.0
f1063,164.0
f1094,164.0
f1098,164.0
f1278,164.0
f1338,164.0
f249,163.0
f261,163.0
f288,163.0
f382,163.0
f592,163.0
f608,163.0
f688,163.0
f689,163.0
f721,163.0
f798,163.0
f893,163.0
f1045,163.0
f1072,163.0
f1073,163.0
f346,162.0
f347,162.0
f390,162.0
f395,162.0
f403,162.0
f425,162.0
f448,162.0
f452,162.0
f472,162.0
f540,162.0
f600,162.0
f664,162.0
f678,162.0
f807,162.0
f894,162.0
f899,162.0
f903,162.0
f941,162.0
f334,161.0
f344,161.0
f364,161.0
f386,161.0
f550,161.0
f650,161.0
f695,161.0
f860,161.0
f865,161.0
f900,161.0
f958,161.0
f999,161.0
f1002,161.0
f1033,161.0
f1112,161.0
f1143,161.0
f223,160.0
f392,160.0
f409,160.0
f466,160.0
f555,160.0
f573,160.0
f660,160.0
f684,160.0
f859,160.0
f889,160.0
f967,160.0
f1026,160.0
f1074,160.0
f250,159.0
f274,159.0
f309,159.0
f318,159.0
f432,159.0
f820,159.0
f827,159.0
f918,159.0
f920,159.0
f966,159.0
f1123,159.0
f219,158.0
f255,158.0
f358,158.0
f384,158.0
f504,158.0
f525,158.0
f616,158.0
f726,158.0
f928,158.0
f946,158.0
f1001,158.0
f1013,158.0
f1019,158.0
f1087,158.0
f1101,158.0
f264,157.0
f330,157.0
f350,157.0
f381,157.0
f506,157.0
f549,157.0
f649,157.0
f759,157.0
f795,157.0
f845,157.0
f912,157.0
f983,157.0
f992,157.0
f1075,157.0
f245,156.0
f299,156.0
f320,156.0
f365,156.0
f437,156.0
f439,156.0
f491,156.0
f593,156.0
f640,156.0
f739,156.0
f961,156.0
f1023,156.0
f1059,156.0
f1119,156.0
f235,155.0
f263,155.0
f271,155.0
f498,155.0
f571,155.0
f575,155.0
f624,155.0
f627,155.0
f768,155.0
f1021,155.0
f1039,155.0
f1109,155.0
f294,154.0
f295,154.0
f329,154.0
f354,154.0
f357,154.0
f372,154.0
f441,154.0
f461,154.0
f475,154.0
f561,154.0
f582,154.0
f699,154.0
f805,154.0
f948,154.0
f1022,154.0
f1147,154.0
f1232,154.0
f222,153.0
f228,153.0
f230,153.0
f305,153.0
f319,153.0
f393,153.0
f509,153.0
f566,153.0
f619,153.0
f667,153.0
f730,153.0
f887,153.0
f929,153.0
f1052,153.0
f231,152.0
f324,152.0
f495,152.0
f620,152.0
f858,152.0
f862,152.0
f979,152.0
f1005,152.0
f1046,152.0
f262,151.0
f612,151.0
f787,151.0
f792,151.0
f821,151.0
f835,151.0
f881,151.0
f940,151.0
f942,151.0
f1049,151.0
f1058,151.0
f1083,151.0
f1084,151.0
f1121,151.0
f1129,151.0
f286,150.0
f301,150.0
f303,150.0
f304,150.0
f336,150.0
f353,150.0
f367,150.0
f370,150.0
f417,150.0
f449,150.0
f467,150.0
f486,150.0
f602,150.0
f625,150.0
f670,150.0
f694,150.0
f923,150.0
f939,150.0
f988,150.0
f1006,150.0
f1008,150.0
f1028,150.0
f1043,150.0
f1067,150.0
f1219,150.0
f1238,150.0
f1260,150.0
f259,149.0
f345,149.0
f446,149.0
f591,149.0
f663,149.0
f720,149.0
f813,149.0
f815,149.0
f825,149.0
f855,149.0
f875,149.0
f901,149.0
f927,149.0
f932,149.0
f986,149.0
f1054,149.0
f348,148.0
f464,148.0
f465,148.0
f524,148.0
f551,148.0
f572,148.0
f585,148.0
f615,148.0
f658,148.0
f733,148.0
f838,148.0
f846,148.0
f857,148.0
f902,148.0
f922,148.0
f964,148.0
f1048,148.0
f1132,148.0
f1358,148.0
f308,147.0
f362,147.0
f399,147.0
f468,147.0
f488,147.0
f520,147.0
f577,147.0
f596,147.0
f653,147.0
f706,147.0
f712,147.0
f885,147.0
f975,147.0
f984,147.0
f1036,147.0
f1066,147.0
f1078,147.0
f1092,147.0
f1093,147.0
f1115,147.0
f1158,147.0
f1161,147.0
f1175,147.0
f269,146.0
f340,146.0
f355,146.0
f385,146.0
f412,146.0
f419,146.0
f422,146.0
f430,146.0
f557,146.0
f560,146.0
f669,146.0
f717,146.0
f732,146.0
f866,146.0
f943,146.0
f1144,146.0
f1166,146.0
f317,145.0
f374,145.0
f447,145.0
f501,145.0
f511,145.0
f530,145.0
f643,145.0
f708,145.0
f852,145.0
f917,145.0
f972,145.0
f990,145.0
f1004,145.0
f1095,145.0
f379,144.0
f413,144.0
f428,144.0
f631,144.0
f651,144.0
f652,144.0
f682,144.0
f758,144.0
f769,144.0
f785,144.0
f819,144.0
f869,144.0
f993,144.0
f1055,144.0
f1108,144.0
f265,143.0
f325,143.0
f400,143.0
f407,143.0
f421,143.0
f455,143.0
f480,143.0
f539,143.0
f603,143.0
f645,143.0
f648,143.0
f654,143.0
f673,143.0
f789,143.0
f830,143.0
f876,143.0
f933,143.0
f934,143.0
f952,143.0
f968,143.0
f1007,143.0
f1081,143.0
f1088,143.0
f1252,143.0
f247,142.0
f450,142.0
f454,142.0
f583,142.0
f647,142.0
f681,142.0
f714,142.0
f861,142.0
f867,142.0
f1100,142.0
f1139,142.0
f1140,142.0
f1207,142.0
f211,141.0
f227,141.0
f280,141.0
f352,141.0
f375,141.0
f431,141.0
f442,141.0
f485,141.0
f502,141.0
f537,141.0
f542,141.0
f589,141.0
f604,141.0
f607,141.0
f611,141.0
f614,141.0
f680,141.0
f687,141.0
f715,141.0
f868,141.0
f895,141.0
f915,141.0
f1009,141.0
f1061,141.0
f1332,141.0
f1365,141.0
f380,140.0
f420,140.0
f482,140.0
f497,140.0
f518,140.0
f544,140.0
f595,140.0
f691,140.0
f704,140.0
f811,140.0
f863,140.0
f924,140.0
f1025,140.0
f1034,140.0
f1069,140.0
f1102,140.0
f216,139.0
f310,139.0
f388,139.0
f529,139.0
f562,139.0
f570,139.0
f734,139.0
f744,139.0
f750,139.0
f764,139.0
f771,139.0
f784,139.0
f812,139.0
f814,139.0
f905,139.0
f960,139.0
f974,139.0
f1010,139.0
f1062,139.0
f1153,139.0
f1178,139.0
f1189,139.0
f429,138.0
f463,138.0
f531,138.0
f534,138.0
f590,138.0
f700,138.0
f747,138.0
f751,138.0
f882,138.0
f953,138.0
f989,138.0
f1167,138.0
f256,137.0
f281,137.0
f383,137.0
f457,137.0
f508,137.0
f510,137.0
f628,137.0
f662,137.0
f724,137.0
f801,137.0
f844,137.0
f1050,137.0
f1070,137.0
f1163,137.0
f1192,137.0
f1218,137.0
f1394,137.0
f339,136.0
f351,136.0
f389,136.0
f474,136.0
f483,136.0
f690,136.0
f833,136.0
f955,136.0
f957,136.0
f998,136.0
f1018,136.0
f1274,136.0
f236,135.0
f297,135.0
f302,135.0
f343,135.0
f554,135.0
f565,135.0
f637,135.0
f729,135.0
f765,135.0
f777,135.0
f779,135.0
f793,135.0
f796,135.0
f799,135.0
f839,135.0
f873,135.0
f1047,135.0
f1080,135.0
f1127,135.0
f276,134.0
f460,134.0
f594,134.0
f601,134.0
f679,134.0
f707,134.0
f762,134.0
f831,134.0
f853,134.0
f864,134.0
f982,134.0
f985,134.0
f1068,134.0
f1113,134.0
f1145,134.0
f356,133.0
f368,133.0
f781,133.0
f871,133.0
f904,133.0
f1133,133.0
f1214,133.0
f1228,133.0
f1233,133.0
f283,132.0
f363,132.0
f528,132.0
f543,132.0
f545,132.0
f710,132.0
f794,132.0
f890,132.0
f950,132.0
f962,132.0
f973,132.0
f1040,132.0
f1104,132.0
f1124,132.0
f1160,132.0
f1269,132.0
f360,131.0
f416,131.0
f516,131.0
f605,131.0
f644,131.0
f696,131.0
f848,131.0
f910,131.0
f1038,131.0
f1060,131.0
f1079,131.0
f1186,131.0
f1191,131.0
f1199,131.0
f279,130.0
f282,130.0
f296,130.0
f323,130.0
f342,130.0
f414,130.0
f462,130.0
f492,130.0
f676,130.0
f723,130.0
f728,130.0
f773,130.0
f803,130.0
f843,130.0
f851,130.0
f959,130.0
f1024,130.0
f1057,130.0
f1099,130.0
f1272,130.0
f1287,130.0
f410,129.0
f411,129.0
f748,129.0
f770,129.0
f841,129.0
f874,129.0
f884,129.0
f949,129.0
f1032,129.0
f1125,129.0
f1134,129.0
f1183,129.0
f1202,129.0
f1259,129.0
f1343,129.0
f397,128.0
f440,128.0
f477,128.0
f622,128.0
f737,128.0
f797,128.0
f911,128.0
f1064,128.0
f1089,128.0
f1106,128.0
f1149,128.0
f1169,128.0
f1170,128.0
f1193,128.0
f424,127.0
f563,127.0
f783,127.0
f834,127.0
f850,127.0
f888,127.0
f978,127.0
f1103,127.0
f1146,127.0
f1220,127.0
f1246,127.0
f1500,127.0
f268,126.0
f404,126.0
f597,126.0
f683,126.0
f701,126.0
f745,126.0
f756,126.0
f837,126.0
f1105,126.0
f1184,126.0
f1188,126.0
f1266,126.0
f1312,126.0
f1364,126.0
f484,125.0
f490,125.0
f569,125.0
f657,125.0
f703,125.0
f716,125.0
f775,125.0
f937,125.0
f1017,125.0
f1041,125.0
f1082,125.0
f1091,125.0
f1114,125.0
f1172,125.0
f1198,125.0
f277,124.0
f290,124.0
f314,124.0
f394,124.0
f548,124.0
f559,124.0
f817,124.0
f883,124.0
f970,124.0
f1107,124.0
f1110,124.0
f1141,124.0
f1179,124.0
f1326,124.0
f568,123.0
f702,123.0
f722,123.0
f735,123.0
f736,123.0
f778,123.0
f788,123.0
f802,123.0
f804,123.0
f828,123.0
f891,123.0
f931,123.0
f1003,123.0
f1096,123.0
f1155,123.0
f1165,123.0
f1182,123.0
f1203,123.0
f1209,123.0
f1212,123.0
f1314,123.0
f1372,123.0
f322,122.0
f369,122.0
f376,122.0
f574,122.0
f705,122.0
f742,122.0
f754,122.0
f1042,122.0
f1065,122.0
f1086,122.0
f1131,122.0
f1152,122.0
f1367,122.0
f1398,122.0
f316,121.0
f408,121.0
f810,121.0
f824,121.0
f936,121.0
f971,121.0
f1122,121.0
f1223,121.0
f1434,121.0
f331,120.0
f494,120.0
f674,120.0
f725,120.0
f763,120.0
f913,120.0
f963,120.0
f1120,120.0
f1173,120.0
f1180,120.0
f1253,120.0
f1254,120.0
f1261,120.0
f1280,120.0
f1299,120.0
f1329,120.0
f445,119.0
f517,119.0
f556,119.0
f588,119.0
f685,119.0
f731,119.0
f790,119.0
f823,119.0
f969,119.0
f1195,119.0
f1267,119.0
f1294,119.0
f1386,119.0
f1408,119.0
f1446,119.0
f776,118.0
f856,118.0
f914,118.0
f977,118.0
f1016,118.0
f1286,118.0
f1352,118.0
f1378,118.0
f476,117.0
f536,117.0
f677,117.0
f697,117.0
f711,117.0
f743,117.0
f761,117.0
f916,117.0
f954,117.0
f1027,117.0
f1135,117.0
f1201,117.0
f1206,117.0
f1211,117.0
f1251,117.0
f1255,117.0
f1273,117.0
f1282,117.0
f822,116.0
f1053,116.0
f1076,116.0
f1151,116.0
f1159,116.0
f1162,116.0
f1234,116.0
f470,115.0
f523,115.0
f782,115.0
f791,115.0
f849,115.0
f877,115.0
f1226,115.0
f1414,115.0
f371,114.0
f387,114.0
f829,114.0
f1171,114.0
f1177,114.0
f1235,114.0
f514,113.0
f897,113.0
f930,113.0
f987,113.0
f1071,113.0
f1128,113.0
f1221,113.0
f1284,113.0
f1319,113.0
f1366,113.0
f1479,113.0
f436,112.0
f800,112.0
f951,112.0
f956,112.0
f1056,112.0
f1117,112.0
f1190,112.0
f1237,112.0
f1241,112.0
f1242,112.0
f1258,112.0
f1264,112.0
f1275,112.0
f1359,112.0
f1360,112.0
f1403,112.0
f1539,112.0
f1552,112.0
f337,111.0
f434,111.0
f842,111.0
f1148,111.0
f1154,111.0
f1181,111.0
f1222,111.0
f1240,111.0
f1250,111.0
f1306,111.0
f1433,111.0
f1438,111.0
f617,110.0
f642,110.0
f665,110.0
f1044,110.0
f1116,110.0
f1150,110.0
f1247,110.0
f1248,110.0
f1279,110.0
f1285,110.0
f1368,110.0
f1395,110.0
f377,109.0
f836,109.0
f854,109.0
f1111,109.0
f1239,109.0
f1243,109.0
f1392,109.0
f1655,109.0
f1037,108.0
f1210,108.0
f1262,108.0
f1384,108.0
f1399,108.0
f1426,108.0
f1475,108.0
f1515,108.0
f870,107.0
f909,107.0
f1077,107.0
f1090,107.0
f1194,107.0
f1230,107.0
f1231,107.0
f1291,107.0
f1307,107.0
f1325,107.0
f1363,107.0
f1385,107.0
f1404,107.0
f1538,107.0
f311,106.0
f816,106.0
f1097,106.0
f1213,106.0
f1224,106.0
f1263,106.0
f1265,106.0
f1292,106.0
f1293,106.0
f1361,106.0
f1387,106.0
f1407,106.0
f257,105.0
f349,105.0
f456,105.0
f496,105.0
f1137,105.0
f1185,105.0
f1450,105.0
f1478,105.0
f1499,105.0
f1501,105.0
f1142,104.0
f1270,104.0
f1295,104.0
f1379,104.0
f1460,104.0
f1168,103.0
f1229,103.0
f1281,103.0
f1296,103.0
f1300,103.0
f1309,103.0
f1339,103.0
f1380,103.0
f896,102.0
f1164,102.0
f1277,102.0
f1305,102.0
f1331,102.0
f1362,102.0
f1396,102.0
f1473,102.0
f1498,102.0
f1558,102.0
f1157,101.0
f1208,101.0
f1297,101.0
f1302,101.0
f1357,101.0
f1472,101.0
f1559,101.0
f291,100.0
f1320,100.0
f1335,100.0
f1402,100.0
f1466,100.0
f1489,100.0
f396,99.0
f808,99.0
f1217,99.0
f1257,99.0
f1315,99.0
f1345,99.0
f1350,99.0
f1388,99.0
f1606,99.0
f996,98.0
f1174,98.0
f1225,98.0
f1313,98.0
f1322,98.0
f1328,98.0
f1334,98.0
f1356,98.0
f1375,98.0
f1512,98.0
f1288,97.0
f1348,97.0
f1406,97.0
f1506,97.0
f1540,97.0
f1578,97.0
f1227,96.0
f1244,96.0
f1283,96.0
f1418,96.0
f1566,96.0
f1205,95.0
f1256,95.0
f1303,95.0
f1304,95.0
f1333,95.0
f1409,95.0
f1459,95.0
f1480,95.0
f1494,95.0
f1620,95.0
f976,94.0
f1245,94.0
f1268,94.0
f1276,94.0
f1316,94.0
f1354,94.0
f1470,94.0
f1486,94.0
f1527,94.0
f1535,94.0
f1215,93.0
f1289,93.0
f1346,93.0
f1355,93.0
f1376,93.0
f1444,93.0
f1452,93.0
f1453,93.0
f1204,92.0
f1249,92.0
f1341,92.0
f1427,92.0
f1448,92.0
f1454,92.0
f1490,92.0
f1600,92.0
f1236,91.0
f1336,91.0
f1371,91.0
f1373,91.0
f1415,91.0
f1432,91.0
f1518,91.0
f1519,91.0
f1532,91.0
f1544,91.0
f1568,91.0
f1618,91.0
f1638,91.0
f1658,91.0
f1271,90.0
f1327,90.0
f1342,90.0
f1344,90.0
f1308,89.0
f1310,89.0
f1323,89.0
f1429,89.0
f1520,89.0
f997,88.0
f1340,88.0
f1353,88.0
f1382,88.0
f1482,88.0
f1495,88.0
f1428,87.0
f1439,87.0
f1572,87.0
f1650,87.0
f1130,86.0
f1216,86.0
f1337,86.0
f1347,86.0
f1567,86.0
f1579,86.0
f1679,86.0
f1301,85.0
f1321,85.0
f1330,85.0
f1389,85.0
f1443,85.0
f1541,85.0
f1586,85.0
f1593,85.0
f1595,85.0
f1598,85.0
f1431,84.0
f1456,84.0
f1467,84.0
f1493,84.0
f1560,84.0
f1739,84.0
f1197,83.0
f1405,83.0
f1410,83.0
f1440,83.0
f1592,83.0
f1604,83.0
f1693,83.0
f1136,82.0
f1156,82.0
f1400,82.0
f1413,82.0
f1419,82.0
f1420,82.0
f1435,82.0
f1465,82.0
f1481,82.0
f1492,82.0
f1521,82.0
f1633,82.0
f1196,81.0
f1442,81.0
f1457,81.0
f1514,81.0
f1546,81.0
f1564,81.0
f1575,81.0
f1821,81.0
f1416,80.0
f1445,80.0
f1464,80.0
f1484,80.0
f1580,80.0
f1632,80.0
f1699,80.0
f1411,79.0
f1412,79.0
f1422,79.0
f1423,79.0
f1311,78.0
f1436,78.0
f1461,78.0
f1502,78.0
f1548,78.0
f1607,78.0
f1628,78.0
f1659,78.0
f1397,77.0
f1424,77.0
f1430,77.0
f1462,77.0
f1503,77.0
f1573,77.0
f1583,77.0
f1584,77.0
f1678,77.0
f1369,76.0
f1383,76.0
f1458,76.0
f1599,76.0
f1698,76.0
f1377,75.0
f1425,75.0
f1474,75.0
f1526,75.0
f1530,75.0
f1547,75.0
f1571,75.0
f1619,75.0
f1640,75.0
f1176,74.0
f1290,74.0
f1370,74.0
f1374,74.0
f1393,74.0
f1421,74.0
f1570,74.0
f1603,74.0
f1738,74.0
f1317,73.0
f1524,73.0
f1718,73.0
f1742,73.0
f1781,73.0
f1468,72.0
f1528,72.0
f1553,72.0
f1349,71.0
f1666,71.0
f1673,71.0
f1761,71.0
f1390,70.0
f1417,70.0
f1441,70.0
f1504,70.0
f1590,70.0
f1608,70.0
f1615,70.0
f1668,70.0
f1483,69.0
f1529,69.0
f1534,69.0
f1562,69.0
f1574,69.0
f1594,69.0
f1610,69.0
f1612,69.0
f1626,69.0
f1740,69.0
f1864,69.0
f1391,68.0
f1449,68.0
f1513,68.0
f1561,68.0
f1565,68.0
f1588,68.0
f1589,68.0
f1627,68.0
f1639,68.0
f1700,68.0
f1471,67.0
f1509,67.0
f1510,67.0
f1587,67.0
f1648,67.0
f1381,66.0
f1451,66.0
f1476,66.0
f1505,66.0
f1507,66.0
f1630,66.0
f1642,66.0
f1713,66.0
f1746,66.0
f1778,66.0
f1351,65.0
f1463,65.0
f1469,65.0
f1485,65.0
f1511,65.0
f1542,65.0
f1569,65.0
f1581,65.0
f1613,65.0
f1614,65.0
f1689,65.0
f1692,65.0
f1324,64.0
f1488,64.0
f1496,64.0
f1522,64.0
f1554,64.0
f1555,64.0
f1563,64.0
f1652,64.0
f1683,64.0
f1710,64.0
f1719,64.0
f1759,64.0
f1800,64.0
f1828,64.0
f1958,64.0
f1447,63.0
f1455,63.0
f1653,63.0
f1675,63.0
f1684,63.0
f1708,63.0
f1437,62.0
f1477,62.0
f1543,62.0
f1508,61.0
f1531,61.0
f1545,61.0
f1550,61.0
f1591,61.0
f1605,61.0
f1646,61.0
f1722,61.0
f1768,61.0
f1826,61.0
f1401,60.0
f1491,60.0
f1585,60.0
f1622,60.0
f1625,60.0
f1634,60.0
f1685,60.0
f1730,60.0
f1841,60.0
f1927,60.0
f1525,59.0
f1582,59.0
f1601,59.0
f1624,59.0
f1724,59.0
f1752,59.0
f1782,59.0
f1874,59.0
f1533,58.0
f1611,58.0
f1674,58.0
f1680,58.0
f1712,58.0
f1721,58.0
f1754,58.0
f1762,58.0
f1792,58.0
f1943,58.0
f1597,57.0
f1609,57.0
f1623,57.0
f1635,57.0
f1641,57.0
f1643,57.0
f1686,57.0
f1694,57.0
f1706,57.0
f1964,57.0
f1523,56.0
f1602,56.0
f1661,56.0
f1670,56.0
f1714,56.0
f1728,56.0
f1749,56.0
f1769,56.0
f1780,56.0
f1801,56.0
f1644,55.0
f1760,55.0
f1766,55.0
f1806,55.0
f1497,54.0
f1516,54.0
f1629,54.0
f1631,54.0
f1671,54.0
f1737,54.0
f1820,54.0
f1878,54.0
f1882,54.0
f1487,53.0
f1551,53.0
f1647,53.0
f1669,53.0
f1715,53.0
f1726,53.0
f1748,53.0
f1844,53.0
f1665,52.0
f1672,52.0
f1690,52.0
f1695,52.0
f1734,52.0
f1854,52.0
f1861,52.0
f1886,52.0
f1924,52.0
f1556,51.0
f1649,51.0
f1663,51.0
f1681,51.0
f1687,51.0
f1704,51.0
f1733,51.0
f1772,51.0
f1808,51.0
f1824,51.0
f1835,51.0
f1557,50.0
f1616,50.0
f1654,50.0
f1709,50.0
f1779,50.0
f1794,50.0
f1839,50.0
f1848,50.0
f1866,50.0
f1881,50.0
f1980,50.0
f1621,49.0
f1701,49.0
f1707,49.0
f1716,49.0
f1725,49.0
f1798,49.0
f1894,49.0
f2066,49.0
f1645,48.0
f1657,48.0
f1688,48.0
f1799,48.0
f1904,48.0
f1940,48.0
f1536,47.0
f1637,47.0
f1662,47.0
f1664,47.0
f1758,47.0
f1788,47.0
f1840,47.0
f1858,47.0
f1992,47.0
f1660,46.0
f1667,46.0
f1741,46.0
f1753,46.0
f1764,46.0
f1767,46.0
f1771,46.0
f1775,46.0
f1784,46.0
f1827,46.0
f1906,46.0
f2000,46.0
f1517,45.0
f1577,45.0
f1705,45.0
f1735,45.0
f1743,45.0
f1789,45.0
f1807,45.0
f1815,45.0
f1847,45.0
f1702,44.0
f1755,44.0
f1786,44.0
f1790,44.0
f1795,44.0
f1802,44.0
f1814,44.0
f1819,44.0
f1832,44.0
f1842,44.0
f1852,44.0
f1898,44.0
f1901,44.0
f1960,44.0
f2158,44.0
f1596,43.0
f1691,43.0
f1720,43.0
f1765,43.0
f1774,43.0
f1838,43.0
f1863,43.0
f1935,43.0
f1974,43.0
f1727,42.0
f1732,42.0
f1744,42.0
f1773,42.0
f1787,42.0
f1834,42.0
f1853,42.0
f1862,42.0
f1865,42.0
f1875,42.0
f1884,42.0
f1920,42.0
f1972,42.0
f2049,42.0
f2140,42.0
f1651,41.0
f1703,41.0
f1770,41.0
f1777,41.0
f1868,41.0
f1902,41.0
f1969,41.0
f1978,41.0
f1985,41.0
f2100,41.0
f1549,40.0
f1576,40.0
f1736,40.0
f1745,40.0
f1763,40.0
f1818,40.0
f1944,40.0
f1953,40.0
f2297,40.0
f1711,39.0
f1717,39.0
f1723,39.0
f1750,39.0
f1756,39.0
f1804,39.0
f1809,39.0
f1825,39.0
f1859,39.0
f1887,39.0
f1915,39.0
f1928,39.0
f2003,39.0
f2009,39.0
f2026,39.0
f2043,39.0
f2125,39.0
f1636,38.0
f1682,38.0
f1909,38.0
f1911,38.0
f1918,38.0
f1930,38.0
f1966,38.0
f2024,38.0
f2040,38.0
f2070,38.0
f2088,38.0
f1537,37.0
f1729,37.0
f1805,37.0
f1846,37.0
f1870,37.0
f1900,37.0
f2020,37.0
f2022,37.0
f2265,37.0
f1823,36.0
f1849,36.0
f1872,36.0
f1879,36.0
f1938,36.0
f1979,36.0
f1983,36.0
f1984,36.0
f1994,36.0
f2006,36.0
f2021,36.0
f2045,36.0
f2060,36.0
f2064,36.0
f2132,36.0
f1731,35.0
f1831,35.0
f1833,35.0
f1890,35.0
f1892,35.0
f1914,35.0
f1948,35.0
f2035,35.0
f2133,35.0
f2151,35.0
f2242,35.0
f1696,34.0
f1812,34.0
f1822,34.0
f1850,34.0
f1880,34.0
f1998,34.0
f2002,34.0
f2004,34.0
f2114,34.0
f2199,34.0
f2280,34.0
f1785,33.0
f1830,33.0
f1845,33.0
f1867,33.0
f1910,33.0
f1926,33.0
f1965,33.0
f1982,33.0
f2046,33.0
f2055,33.0
f2107,33.0
f2220,33.0
f1791,32.0
f1829,32.0
f1883,32.0
f1888,32.0
f1895,32.0
f1899,32.0
f1954,32.0
f1959,32.0
f1973,32.0
f1986,32.0
f1988,32.0
f1991,32.0
f2023,32.0
f2044,32.0
f1783,31.0
f1860,31.0
f1893,31.0
f1912,31.0
f1919,31.0
f1922,31.0
f1939,31.0
f1941,31.0
f1945,31.0
f2005,31.0
f2019,31.0
f2041,31.0
f2069,31.0
f2082,31.0
f2089,31.0
f2121,31.0
f2167,31.0
f2202,31.0
f2282,31.0
f1617,30.0
f1796,30.0
f1810,30.0
f1843,30.0
f1905,30.0
f1907,30.0
f1925,30.0
f1932,30.0
f1942,30.0
f1999,30.0
f2001,30.0
f2014,30.0
f2048,30.0
f2102,30.0
f2266,30.0
f1697,29.0
f1811,29.0
f1813,29.0
f1897,29.0
f1975,29.0
f2007,29.0
f2028,29.0
f2033,29.0
f2081,29.0
f2083,29.0
f2092,29.0
f2110,29.0
f2128,29.0
f2160,29.0
f2205,29.0
f1923,28.0
f1934,28.0
f1946,28.0
f1947,28.0
f1977,28.0
f2018,28.0
f2027,28.0
f2029,28.0
f2047,28.0
f2053,28.0
f2062,28.0
f2078,28.0
f2095,28.0
f2108,28.0
f2142,28.0
f2146,28.0
f2178,28.0
f2234,28.0
f2270,28.0
f1676,27.0
f1677,27.0
f1747,27.0
f1751,27.0
f1757,27.0
f1851,27.0
f1855,27.0
f1857,27.0
f1869,27.0
f1871,27.0
f1989,27.0
f2012,27.0
f2013,27.0
f2039,27.0
f2042,27.0
f2050,27.0
f2063,27.0
f2068,27.0
f2087,27.0
f2094,27.0
f2183,27.0
f2184,27.0
f2198,27.0
f2350,27.0
f1776,26.0
f1793,26.0
f1797,26.0
f1877,26.0
f1913,26.0
f1967,26.0
f1995,26.0
f2008,26.0
f2058,26.0
f2122,26.0
f2124,26.0
f2169,26.0
f2235,26.0
f2245,26.0
f2250,26.0
f2278,26.0
f2286,26.0
f1873,25.0
f1889,25.0
f1908,25.0
f1921,25.0
f1950,25.0
f1951,25.0
f1961,25.0
f1970,25.0
f1993,25.0
f2051,25.0
f2098,25.0
f2120,25.0
f2138,25.0
f2152,25.0
f2156,25.0
f2162,25.0
f2177,25.0
f2252,25.0
f2314,25.0
f2318,25.0
f1656,24.0
f1816,24.0
f1837,24.0
f1903,24.0
f1952,24.0
f1976,24.0
f1990,24.0
f2025,24.0
f2084,24.0
f2112,24.0
f2118,24.0
f2126,24.0
f2134,24.0
f2135,24.0
f2145,24.0
f2190,24.0
f2208,24.0
f2365,24.0
f1803,23.0
f1891,23.0
f1896,23.0
f1929,23.0
f1933,23.0
f1955,23.0
f1963,23.0
f1968,23.0
f2010,23.0
f2031,23.0
f2052,23.0
f2086,23.0
f2090,23.0
f2106,23.0
f2109,23.0
f2127,23.0
f2172,23.0
f2182,23.0
f2188,23.0
f2290,23.0
f2305,23.0
f1885,22.0
f1949,22.0
f2015,22.0
f2030,22.0
f2032,22.0
f2054,22.0
f2057,22.0
f2059,22.0
f2067,22.0
f2074,22.0
f2075,22.0
f2093,22.0
f2104,22.0
f2113,22.0
f2129,22.0
f2130,22.0
f2131,22.0
f2154,22.0
f2161,22.0
f2164,22.0
f2170,22.0
f2187,22.0
f2203,22.0
f2232,22.0
f2244,22.0
f2262,22.0
f2263,22.0
f2285,22.0
f1817,21.0
f1931,21.0
f1937,21.0
f2016,21.0
f2065,21.0
f2071,21.0
f2166,21.0
f2186,21.0
f2192,21.0
f2217,21.0
f2218,21.0
f2228,21.0
f2243,21.0
f2332,21.0
f2334,21.0
f2346,21.0
f2354,21.0
f2374,21.0
f1856,20.0
f1876,20.0
f1987,20.0
f2011,20.0
f2037,20.0
f2038,20.0
f2072,20.0
f2115,20.0
f2139,20.0
f2200,20.0
f2215,20.0
f2227,20.0
f2246,20.0
f2269,20.0
f2304,20.0
f2306,20.0
f2333,20.0
f2352,20.0
f2355,20.0
f2361,20.0
f2034,19.0
f2103,19.0
f2153,19.0
f2163,19.0
f2173,19.0
f2180,19.0
f2197,19.0
f2206,19.0
f2210,19.0
f2214,19.0
f2219,19.0
f2238,19.0
f2261,19.0
f2264,19.0
f2298,19.0
f2302,19.0
f2307,19.0
f2364,19.0
f2366,19.0
f2372,19.0
f1836,18.0
f1957,18.0
f1962,18.0
f1981,18.0
f2036,18.0
f2061,18.0
f2080,18.0
f2091,18.0
f2099,18.0
f2101,18.0
f2165,18.0
f2168,18.0
f2189,18.0
f2194,18.0
f2204,18.0
f2222,18.0
f2240,18.0
f2254,18.0
f2310,18.0
f2311,18.0
f2315,18.0
f2323,18.0
f2324,18.0
f2326,18.0
f2373,18.0
f1916,17.0
f1917,17.0
f2085,17.0
f2136,17.0
f2147,17.0
f2148,17.0
f2185,17.0
f2191,17.0
f2195,17.0
f2237,17.0
f2239,17.0
f2249,17.0
f2251,17.0
f2258,17.0
f2260,17.0
f2267,17.0
f2284,17.0
f2287,17.0
f2317,17.0
f2325,17.0
f2370,17.0
f1936,16.0
f1971,16.0
f2017,16.0
f2105,16.0
f2111,16.0
f2141,16.0
f2193,16.0
f2212,16.0
f2233,16.0
f2248,16.0
f2253,16.0
f2255,16.0
f2268,16.0
f2279,16.0
f2288,16.0
f2291,16.0
f2292,16.0
f2293,16.0
f2300,16.0
f2308,16.0
f2309,16.0
f2338,16.0
f2347,16.0
f2362,16.0
f2363,16.0
f2371,16.0
f2375,16.0
f1996,15.0
f2077,15.0
f2117,15.0
f2143,15.0
f2155,15.0
f2159,15.0
f2179,15.0
f2225,15.0
f2230,15.0
f2273,15.0
f2337,15.0
f2357,15.0
f1997,14.0
f2079,14.0
f2119,14.0
f2150,14.0
f2157,14.0
f2174,14.0
f2175,14.0
f2181,14.0
f2213,14.0
f2272,14.0
f2303,14.0
f2312,14.0
f2313,14.0
f2320,14.0
f2330,14.0
f2331,14.0
f2344,14.0
f2358,14.0
f2360,14.0
f1956,13.0
f2097,13.0
f2123,13.0
f2144,13.0
f2149,13.0
f2241,13.0
f2247,13.0
f2329,13.0
f2339,13.0
f2340,13.0
f2342,13.0
f2343,13.0
f2348,13.0
f2359,13.0
f2367,13.0
f2209,12.0
f2211,12.0
f2231,12.0
f2277,12.0
f2289,12.0
f2322,12.0
f2328,12.0
f2335,12.0
f2345,12.0
f2349,12.0
f2368,12.0
f2176,11.0
f2196,11.0
f2221,11.0
f2223,11.0
f2236,11.0
f2271,11.0
f2274,11.0
f2327,11.0
f2351,11.0
f2073,10.0
f2116,10.0
f2229,10.0
f2276,10.0
f2294,10.0
f2353,10.0
f2356,10.0
f2369,10.0
f2056,9.0
f2096,9.0
f2171,9.0
f2201,9.0
f2224,9.0
f2226,9.0
f2256,9.0
f2259,9.0
f2283,9.0
f2321,9.0
f2341,9.0
f2076,8.0
f2137,8.0
f2207,8.0
f2257,8.0
f2275,8.0
f2299,8.0
f2216,7.0
f2295,7.0
f2319,7.0
f2301,6.0
f2296,4.0
f2316,4.0
f2336,4.0
f2281,3.0
